{
  "hash": "4fe9b9e6",
  "configHash": "1dc64147",
  "lockfileHash": "a59b928f",
  "browserHash": "addc9666",
  "optimized": {
    "@angular/common": {
      "src": "../../../../../node_modules/@angular/common/fesm2022/common.mjs",
      "file": "@angular_common.js",
      "fileHash": "863b426d",
      "needsInterop": false
    },
    "@angular/core": {
      "src": "../../../../../node_modules/@angular/core/fesm2022/core.mjs",
      "file": "@angular_core.js",
      "fileHash": "1437d880",
      "needsInterop": false
    },
    "@angular/platform-browser": {
      "src": "../../../../../node_modules/@angular/platform-browser/fesm2022/platform-browser.mjs",
      "file": "@angular_platform-browser.js",
      "fileHash": "3a5cb410",
      "needsInterop": false
    },
    "@angular/router": {
      "src": "../../../../../node_modules/@angular/router/fesm2022/router.mjs",
      "file": "@angular_router.js",
      "fileHash": "ae55162e",
      "needsInterop": false
    },
    "primeng/api": {
      "src": "../../../../../node_modules/primeng/fesm2022/primeng-api.mjs",
      "file": "primeng_api.js",
      "fileHash": "d85d3ad9",
      "needsInterop": false
    },
    "primeng/button": {
      "src": "../../../../../node_modules/primeng/fesm2022/primeng-button.mjs",
      "file": "primeng_button.js",
      "fileHash": "2bf18591",
      "needsInterop": false
    },
    "primeng/inputtext": {
      "src": "../../../../../node_modules/primeng/fesm2022/primeng-inputtext.mjs",
      "file": "primeng_inputtext.js",
      "fileHash": "9fb34da2",
      "needsInterop": false
    },
    "primeng/ripple": {
      "src": "../../../../../node_modules/primeng/fesm2022/primeng-ripple.mjs",
      "file": "primeng_ripple.js",
      "fileHash": "94e79854",
      "needsInterop": false
    },
    "primeng/table": {
      "src": "../../../../../node_modules/primeng/fesm2022/primeng-table.mjs",
      "file": "primeng_table.js",
      "fileHash": "68b65f2c",
      "needsInterop": false
    },
    "primeng/toolbar": {
      "src": "../../../../../node_modules/primeng/fesm2022/primeng-toolbar.mjs",
      "file": "primeng_toolbar.js",
      "fileHash": "84a33fa6",
      "needsInterop": false
    }
  },
  "chunks": {
    "chunk-EIM7ILLE": {
      "file": "chunk-EIM7ILLE.js"
    },
    "chunk-DFMHK6KB": {
      "file": "chunk-DFMHK6KB.js"
    },
    "chunk-RYKIKBNL": {
      "file": "chunk-RYKIKBNL.js"
    },
    "chunk-2QAOXEUH": {
      "file": "chunk-2QAOXEUH.js"
    },
    "chunk-V5ZF3DDT": {
      "file": "chunk-V5ZF3DDT.js"
    },
    "chunk-CVLI7GHA": {
      "file": "chunk-CVLI7GHA.js"
    },
    "chunk-P6BN7I6E": {
      "file": "chunk-P6BN7I6E.js"
    }
  }
}